{
  "levels" :[
      {
        "levelNumber":1,
        "speed":4,
        "target":5,
        "maleReward":"a Salute",
        "femaleReward":"a Salute",
        "skyImage":"sunny_sky",
        "environmentOverlayImage":"sunny_overlay",
        "backBackgroundColor":"0xe1cab4",
        "middleBackgroundColor":"0xd56c6b",
        "cloudColor":"0xffffff",
        "characterAnimationSpeed":40,
        "levelTextColor":"#473d3e",
        "isBlockShift":"true"
      },
      {
        "levelNumber":2,
        "speed":5,
        "target":12,
        "maleReward":"a mug of Beer",
        "femaleReward":"a Bouquet of Flowers",
        "skyImage":"sunny_sky",
        "environmentOverlayImage":"sunny_overlay",
        "backBackgroundColor":"0xe1cab4",
        "middleBackgroundColor":"0xd56c6b",
        "cloudColor":"0xffffff",
        "characterAnimationSpeed":45,
        "levelTextColor":"#473d3e",
        "isBlockShift":"true"
      },
      {
        "levelNumber":3,
        "speed":6,
        "target":8,
        "maleReward":"Kisses",
        "femaleReward":"a Free Spa Session",
        "skyImage":"sunny_sky",
        "environmentOverlayImage":"sunny_overlay",
        "backBackgroundColor":"0xe1cab4",
        "middleBackgroundColor":"0xd56c6b",
        "cloudColor":"0xffffff",
        "characterAnimationSpeed":45,
        "levelTextColor":"#473d3e",
        "isBlockShift":"false"
      },
      {
        "levelNumber":4,
        "speed":6,
        "target":14,
        "maleReward":"2 Movie Tickets",
        "femaleReward":"2 Movie Tickets",
        "skyImage":"sunny_sky",
        "environmentOverlayImage":"sunny_overlay",
        "backBackgroundColor":"0xe1cab4",
        "middleBackgroundColor":"0xd56c6b",
        "cloudColor":"0xffffff",
        "characterAnimationSpeed":50,
        "levelTextColor":"#473d3e",
        "isBlockShift":"true"
      },
      {
        "levelNumber":5,
        "speed":6.5,
        "target":15,
        "maleReward":"a Wrist Watch",
        "femaleReward":"a Fashionable Bag",
        "skyImage":"sunny_sky",
        "environmentOverlayImage":"sunny_overlay",
        "backBackgroundColor":"0xe1cab4",
        "middleBackgroundColor":"0xd56c6b",
        "cloudColor":"0xffffff",
        "characterAnimationSpeed":50,
        "levelTextColor":"#473d3e",
        "isBlockShift":"false"
      },
      {
        "levelNumber":6,
        "speed":6.5,
        "target":15,
        "maleReward":"Bonus",
        "femaleReward":"Bonus",
        "skyImage":"rain_sky",
        "environmentOverlayImage":"rain_overlay",
        "backBackgroundColor":"0x305798",
        "middleBackgroundColor":"0x172e43",
        "cloudColor":"0x4a76a0",
        "characterAnimationSpeed":50,
        "levelTextColor":"#ffffff",
        "isBlockShift":"true"
      },
      {
        "levelNumber":7,
        "speed":7,
        "target":16,
        "maleReward":"a Suit",
        "femaleReward":"a nice Dress",
        "skyImage":"rain_sky",
        "environmentOverlayImage":"rain_overlay",
        "backBackgroundColor":"0x305798",
        "middleBackgroundColor":"0x172e43",
        "cloudColor":"0x4a76a0",
        "characterAnimationSpeed":55,
        "levelTextColor":"#ffffff",
        "isBlockShift":"false"
      },
      {
        "levelNumber":8,
        "speed":6.8,
        "target":20,
        "maleReward":"a Long Weekend",
        "femaleReward":"a Long Weekend",
        "skyImage":"rain_sky",
        "environmentOverlayImage":"rain_overlay",
        "backBackgroundColor":"0x305798",
        "middleBackgroundColor":"0x172e43",
        "cloudColor":"0x4a76a0",
        "characterAnimationSpeed":55,
        "levelTextColor":"#ffffff",
        "isBlockShift":"true"
      },
      {
        "levelNumber":9,
        "speed":7.5,
        "target":18,
        "maleReward":"a Flagship Phone",
        "femaleReward":"a Flagship Phone",
        "skyImage":"rain_sky",
        "environmentOverlayImage":"rain_overlay",
        "backBackgroundColor":"0x305798",
        "middleBackgroundColor":"0x172e43",
        "cloudColor":"0x4a76a0",
        "characterAnimationSpeed":55,
        "levelTextColor":"#ffffff",
        "isBlockShift":"false"
      },
      {
        "levelNumber":10,
        "speed":7,
        "target":22,
        "maleReward":"a Gaming console",
        "femaleReward":"a Necklace Set",
        "skyImage":"rain_sky",
        "environmentOverlayImage":"rain_overlay",
        "backBackgroundColor":"0x305798",
        "middleBackgroundColor":"0x172e43",
        "cloudColor":"0x4a76a0",
        "characterAnimationSpeed":55,
        "levelTextColor":"#ffffff",
        "isBlockShift":"true"
      },
      {
        "levelNumber":11,
        "speed":8,
        "target":20,
        "maleReward":"Increment",
        "femaleReward":"Increment",
        "skyImage":"snow_sky",
        "environmentOverlayImage":"snow_overlay",
        "backBackgroundColor":"0x79b5d7",
        "middleBackgroundColor":"0x597eb9",
        "cloudColor":"0xffffff",
        "characterAnimationSpeed":58,
        "levelTextColor":"#000000",
        "isBlockShift":"false"
      },
      {
        "levelNumber":12,
        "speed":7.2,
        "target":22,
        "maleReward":"a Bike",
        "femaleReward":"a Diamond Crown and Ring",
        "skyImage":"snow_sky",
        "environmentOverlayImage":"snow_overlay",
        "backBackgroundColor":"0x79b5d7",
        "middleBackgroundColor":"0x597eb9",
        "cloudColor":"0xffffff",
        "characterAnimationSpeed":60,
        "levelTextColor":"#000000",
        "isBlockShift":"true"
      },
      {
        "levelNumber":13,
        "speed":8.2,
        "target":20,
        "maleReward":"Trip to Vegas",
        "femaleReward":"Romantic Vacation in Paris",
        "skyImage":"snow_sky",
        "environmentOverlayImage":"snow_overlay",
        "backBackgroundColor":"0x79b5d7",
        "middleBackgroundColor":"0x597eb9",
        "cloudColor":"0xffffff",
        "characterAnimationSpeed":62,
        "levelTextColor":"#000000",
        "isBlockShift":"false"
      },
      {
        "levelNumber":14,
        "speed":7.5,
        "target":25,
        "maleReward":"a Car",
        "femaleReward":"a Car",
        "skyImage":"snow_sky",
        "environmentOverlayImage":"snow_overlay",
        "backBackgroundColor":"0x79b5d7",
        "middleBackgroundColor":"0x597eb9",
        "cloudColor":"0xffffff",
        "characterAnimationSpeed":60,
        "levelTextColor":"#000000",
        "isBlockShift":"true"
      },
      {
        "levelNumber":15,
        "speed":8.5,
        "target":18,
        "maleReward":"a Mansion",
        "femaleReward":"a Mansion",
        "skyImage":"snow_sky",
        "environmentOverlayImage":"snow_overlay",
        "backBackgroundColor":"0x79b5d7",
        "middleBackgroundColor":"0x597eb9",
        "cloudColor":"0xffffff",
        "characterAnimationSpeed":64,
        "levelTextColor":"#000000",
        "isBlockShift":"true"
      }
    ]
}
